title,release_year,genres,score,budget,revenue
10 Things I Hate About You,1999.0,"coming-of-age fiction, romantic comedy, teen film, comedy drama",62.0,13000000.0,53478579.0
12 Strong,2018.0,"drama film, action film, war film",55.0,35000000.0,71118378.0
127 Hours,2010.0,"film based on books, survival film, docudrama, drama film, biographical film",83.0,18000000.0,60000000.0
1917,2019.0,"drama film, war film",84.0,95000000.0,384919389.0
1917,2020.0,"drama film, war film",84.0,95000000.0,384919389.0
2 Fast 2 Furious,2003.0,"crime film, action film, thriller film",36.0,76000000.0,236350661.0
2001: A Space Odyssey,1968.0,"space adventure film, epic film, film based on literature, mystery film",92.0,10500000.0,146000000.0
2012,2009.0,"science fiction film, disaster film",52.0,280000000.0,791217826.0
21 Jump Street,2012.0,"buddy cop film, comedy film, crime film, action film, teen film, buddy film",72.0,55000000.0,201585328.0
22 Jump Street,2014.0,"buddy cop film, comedy film, action film, teen film",70.0,65000000.0,331333876.0
28 Weeks Later,2007.0,"horror film, post-apocalyptic film, drama film, action film, zombie film",66.0,15000000.0,65048678.0
8 Mile,2002.0,"drama film, musical film, hood film, coming-of-age fiction",75.0,41000000.0,242900000.0
A Hologram for the King,2016.0,"comedy film, drama film",62.0,35000000.0,11846010.0
A Place in the Sun,1951.0,"film based on literature, drama film, film noir, romance film",75.0,2300000.0,7000000.0
A Quiet Place,2018.0,"horror film, thriller film, post-apocalyptic film, science fiction film, apocalyptic film",96.0,17000000.0,340952971.0
A Star Is Born,2018.0,"romance film, romantic drama, musical film",90.0,36000000.0,430718255.0
A Time to Kill,1996.0,"thriller film, trial film, drama film, vigilante film, crime film, film based on a novel",62.0,40000000.0,152266007.0
A View to a Kill,1985.0,"thriller, film based on literature, adventure film, action film, spy film, thriller film",37.0,30000000.0,152400000.0
A Woman's Face,1941.0,"film noir, crime film, romance film, drama film",70.0,1343000.0,1907000.0
A.I. Artificial Intelligence,2001.0,"film based on literature, science fiction film, drama film, post-apocalyptic film",66.0,100000000.0,235926552.0
Ad Astra,2019.0,"science fiction film, thriller film, epic film",83.0,90000000.0,127461872.0
Addams Family Values,1993.0,"fantasy film, horror film, comedy film",77.0,47000000.0,110900000.0
Air Force One,1997.0,"action film, thriller film",71.0,85000000.0,315156409.0
Airport,1970.0,"disaster film, film based on literature",62.0,10000000.0,128400000.0
Airport '77,1977.0,"action film, disaster film, drama film",51.0,6000000.0,91000000.0
Airport 1975,1974.0,"thriller film, disaster film, film based on literature, action film",29.0,3000000.0,103000000.0
Aladdin,2019.0,"adventure film, action film, musical film, fantasy film, family film, romance film, speculative/fantastic fiction film",59.0,183000000.0,1050693953.0
Alien,1979.0,"science fiction film, horror film, thriller film, action film",91.0,11000000.0,106285522.0
Alien Nation,1988.0,"science fiction film, buddy film, buddy cop film, action film",54.0,16000000.0,32155047.0
Aliens,1986.0,"action film, science fiction film, horror film, thriller film, adventure film",98.0,18500000.0,131060248.0
All About Eve,1950.0,"film based on literature, comedy film, drama film",93.0,1400000.0,8489279.0
All Through the Night,1942.0,"drama film, crime film, war film, comedy thriller, thriller film",75.0,643000.0,1968000.0
Alligator,1980.0,"monster film, comedy horror, science fiction film",62.0,1750000.0,6459000.0
Amadeus,1984.0,"drama film, musical film, costume drama, biographical film, flashback film",89.0,18000000.0,90000000.0
American Psycho,2000.0,"drama film, crime film, film based on a novel, slasher film, thriller film, comedy horror",63.0,8000000.0,34266564.0
American Sniper,2014.0,"action film, drama film, film based on books, biographical film, war film",69.0,58800000.0,547426372.0
Annihilation,2018.0,"drama film, action film, science fiction film, film based on a novel, horror film, thriller film",77.0,40000000.0,43070915.0
Ant-Man,2015.0,"action film, adventure film, superhero film, science fiction film, comedy film",69.0,130000000.0,519311965.0
Ant-Man and the Wasp,2018.0,"superhero film, comedy film, adventure film, action film, science fiction film",87.0,162000000.0,622674139.0
Ant-Man and the Wasp: Quantumania,2023.0,"adventure film, action film, thriller film, speculative/fantastic fiction film, science fiction film, comedy film",46.0,200000000.0,476069301.0
Apocalypse Now,1979.0,"drama film, action film, war film, film based on books",98.0,31500000.0,92158064.0
Apollo 13,1995.0,"disaster film, adventure film, docudrama, drama film, historical film, film based on books, survival film",81.0,62000000.0,355237933.0
Arabian Nights,1942.0,"action film, adventure film, circus film",75.0,904765.0,3453416.0
Arctic,2019.0,survival film,90.0,2000000.0,4165776.0
Armageddon,1998.0,"action film, science fiction film, speculative/fantastic fiction film, disaster film, adventure film, drama film",53.0,140000000.0,553709788.0
Arrival,2016.0,"thriller film, mystery film, drama film, science fiction film",84.0,47000000.0,203388186.0
Arsenic and Old Lace,1944.0,"film noir, comedy thriller, film based on literature, comedy film",75.0,1164000.0,4784000.0
Assassin’s Creed,2016.0,"action film, fantasy film, science fiction film, adventure film",18.0,125000000.0,240942515.0
Atomic Blonde,2017.0,"action film, LGBT-related film, spy film, thriller film, girls with guns",66.0,30000000.0,100014025.0
Austin Powers in Goldmember,2002.0,"parody film, spy film",58.0,63000000.0,296700000.0
Austin Powers: International Man of Mystery,1997.0,"crime film, parody film, spy film",65.0,16500000.0,67711748.0
Austin Powers: The Spy Who Shagged Me,1999.0,"parody film, spy film",60.0,33000000.0,312016858.0
Avatar: The Way of Water,2022.0,"science fiction film, speculative/fantastic fiction film, epic film, adventure film, drama film, action film",76.0,250000000.0,2176229105.0
Avengers: Age of Ultron,2015.0,"superhero film, science fiction film",68.0,250000000.0,1402805868.0
Avengers: Endgame,2019.0,"speculative/fantastic fiction film, adventure film, action film, superhero film",94.0,356000000.0,2797501328.0
Avengers: Infinity War,2018.0,"science fiction film, superhero film, adventure film, action film",76.0,400000000.0,2048359754.0
Baby Driver,2017.0,"crime-comedy film, action comedy film, adventure film, action film",92.0,34000000.0,226945087.0
Baby Geniuses,1999.0,"science fiction film, comedy film, children's film",2.0,12000000.0,36450736.0
Babylon,2022.0,"drama film, costume drama, historical drama",56.0,80000000.0,28551455.0
Back to the Future,1985.0,"speculative/fantastic fiction film, comedy, comedy film, adventure film, time-travel film, teen film, science fiction film",93.0,19000000.0,383336762.0
Bad Boys II,2003.0,"buddy cop film, hood film, comedy film, action film",44.0,130000000.0,273339556.0
Batman & Robin,1997.0,"action film, superhero film, science fiction film",12.0,125000000.0,238235719.0
Batman Begins,2005.0,"superhero film, ninja film, neo-noir, crime film, action film, adventure film, drama film, crime thriller",77.0,150000000.0,373672993.0
Batman Forever,1995.0,"neo-noir, action film, superhero film, fantasy film",39.0,100000000.0,336567158.0
Batman Returns,1992.0,"superhero film, fantasy film, neo-noir, science fiction film, thriller, action film, Christmas film",81.0,80000000.0,266915287.0
Battle of Britain,1969.0,"drama film, war film",67.0,14000000.0,13000000.0
Before Midnight,2013.0,"drama film, romance film",98.0,3000000.0,23245195.0
Before Sunrise,1995.0,"drama film, romance film",100.0,2500000.0,5987386.0
Before Sunset,2004.0,"romance film, drama film",83.0,2700000.0,15936507.0
Ben-Hur,1959.0,"Christmas film, film based on a novel, epic film, sword-and-sandal film, drama film, action film, adventure film",85.0,15000000.0,164000000.0
Beverly Hills Cop II,1987.0,"action film, buddy cop film, comedy film",52.0,20000000.0,299965036.0
Big,1988.0,"coming-of-age fiction, drama film, romantic comedy, fantasy film",97.0,18000000.0,151927281.0
Big Fat Liar,2002.0,comedy film,44.0,15000000.0,52970014.0
Birds of Prey (and the Fantabulous Emancipation of One Harley Quinn),2020.0,"superhero film, crime film, action film, adventure film",68.0,84500000.0,205372791.0
Black Adam,2022.0,"action film, adventure film, superhero film, fantasy film, science fiction film, speculative/fantastic fiction film",38.0,260000000.0,392952111.0
Black Hawk Down,2001.0,"drama film, historical film, action film, war film, film based on books",76.0,92000000.0,172989651.0
Black Panther,2018.0,"adventure film, action film, science fiction film, superhero film",83.0,200000000.0,1347597973.0
Black Panther: Wakanda Forever,2022.0,action film,71.0,250000000.0,859208836.0
Black Rain,1989.0,"drama film, action film, thriller film, buddy cop film, suspense, disaster film, horror film, science fiction film",50.0,30000000.0,134212055.0
Black Swan,2010.0,"thriller film, psychological thriller film, horror film, LGBT-related film, drama film, psychological horror",82.0,13000000.0,329398046.0
Black Widow,2021.0,"adventure film, action film, science fiction film, superhero film",69.0,200000000.0,379751655.0
Blade,1998.0,"neo-noir, fantasy film, science fiction film, horror film, thriller film, vampire film, action film",59.0,45000000.0,131211377.0
Blade Runner,1982.0,"thriller film, dystopian film, drama film, film noir, action film, tech noir, neo-noir, science fiction film, film based on a novel, cyberpunk",85.0,28000000.0,41722424.0
Blade Runner 2049,2017.0,"action film, drama film, dystopian film, neo-noir, science fiction film, thriller film, cyberpunk, mystery film",82.0,150000000.0,259239658.0
Blue Velvet,1986.0,"thriller film, mystery film, drama film, crime film, erotic thriller, neo-noir",95.0,6000000.0,8663268.0
Bowfinger,1999.0,comedy film,81.0,55000000.0,98625775.0
Brain Candy,1996.0,LGBT-related film,50.0,8000000.0,8000000.0
Braveheart,1995.0,"biographical film, war film, action film, drama film, medieval film",74.0,65000000.0,213200000.0
Breakfast at Tiffany's,1961.0,"film based on literature, comedy film, romantic comedy",74.0,2500000.0,14000000.0
Bride of Frankenstein,1935.0,"science fiction film, horror film, LGBT-related film",98.0,397000.0,2000000.0
Bridget Jones's Baby,2016.0,"melodrama, comedy film, romance film",63.0,35000000.0,211952420.0
Bringing Up Baby,1938.0,"romantic comedy, screwball comedy film",88.0,1100000.0,1259000.0
Broadcast News,1987.0,"drama film, romantic comedy, comedy drama",83.0,20000000.0,67331309.0
Bullet Train,2022.0,"thriller film, action comedy film, action film, film based on a novel",53.0,90000000.0,239246943.0
Bulworth,1998.0,"drama film, romantic comedy",76.0,30000000.0,29202884.0
Candyman,2021.0,"horror film, film based on literature, supernatural horror film",84.0,25000000.0,77411570.0
Captain America: Civil War,2016.0,superhero film,90.0,250000000.0,1153296293.0
Captain America: The First Avenger,2011.0,"action film, war film, science fiction film, superhero film, adventure film",70.0,140000000.0,370569774.0
Captain America: The Winter Soldier,2014.0,"action film, science fiction film, superhero film, adventure film",90.0,170000000.0,714421503.0
Captain Horatio Hornblower R.N.,1951.0,adventure film,100.0,2462000.0,5333000.0
Captain Marvel,2019.0,"science fiction film, superhero film, adventure film, action film",79.0,152000000.0,1128462972.0
Captain Phillips,2013.0,"drama film, action film, pirate film, biographical film, film based on books, survival film, thriller film",83.0,55000000.0,218791811.0
Captains of the Clouds,1942.0,"drama film, action film, war film",100.0,1770000.0,3428000.0
Casino,1995.0,"drama film, crime film, film based on books, heist film",72.0,50000000.0,116112375.0
Casino Royale,1967.0,"film based on a novel, parody film, spy film",47.0,12000000.0,41744718.0
Cast Away,2000.0,"adventure film, robinsonade, drama film",74.0,90000000.0,429632142.0
Catch Me If You Can,2002.0,"film based on books, biographical film, heist film, comedy film, drama film, crime film",79.0,52000000.0,352114312.0
Cats,2019.0,"drama film, musical film, comedy drama, fantasy film",39.0,95000000.0,17090175.0
Central Intelligence,2016.0,"comedy film, action film, buddy cop film",58.0,50000000.0,217000000.0
Changeling,2008.0,"mystery film, drama film, crime film",63.0,55000000.0,113398237.0
Chariots of Fire,1982.0,"sport film, drama film, historical film, biographical film",82.0,5500000.0,59303359.0
Charlie and the Chocolate Factory,2005.0,"film based on a novel, children's film, musical film, black comedy film, fantasy film",83.0,150000000.0,475000000.0
Children of Men,2007.0,"tech noir, science fiction film, film based on a novel, thriller film, post-apocalyptic film, dystopian film, drama film",81.0,76000000.0,70595464.0
Chinatown,1974.0,"film noir, neo-noir, mystery film, drama film, crime thriller",94.0,6000000.0,29225935.0
Chinjeolhan geumjassi,2006.0,"drama film, rape and revenge film",76.0,4500000.0,23834149.0
Cinderella,2015.0,"melodrama, fantasy film, romance film, family film, cinematic fairy tale, adventure film",72.0,95000000.0,542351353.0
Clerks II,2006.0,"comedy film, buddy film",61.0,5000000.0,26986174.0
Cliffhanger,1993.0,"action film, survival film, thriller film",62.0,70000000.0,255000211.0
Close Encounters of the Third Kind,1977.0,"speculative/fantastic fiction film, adventure film, drama film, science fiction film",90.0,20000000.0,306889114.0
Coherence,2014.0,"crime film, science fiction film, psychological thriller, thriller film",88.0,50000.0,139745.0
Coma,1978.0,"science fiction film, crime film, horror film, film based on a novel",81.0,4000000.0,50000000.0
Conan the Barbarian,1982.0,"film based on literature, adventure film, action film, fantasy film",64.0,20000000.0,68851475.0
Contact,1997.0,"drama film, science fiction film, film based on a novel",69.0,90000000.0,171120329.0
Cool Hand Luke,1967.0,"film based on a novel, prison film, drama film",100.0,3200000.0,16218161.0
Cop Land,1997.0,"drama film, crime film",76.0,15000000.0,63706632.0
Corpse Bride,2005.0,"romantic comedy, zombie film, musical film, fantasy film, stop-motion animated film",72.0,40000000.0,118133252.0
Crank,2006.0,"crime thriller, crime film, action film",60.0,12000000.0,42931041.0
Creed,2015.0,"boxing film, drama film",95.0,35000000.0,173578883.0
Creed II,2018.0,"boxing film, drama film",69.0,50000000.0,214215889.0
Crimson Peak,2015.0,"drama film, gothic film, ghost film, fantasy film, romance film",72.0,55000000.0,74679822.0
Crimson Tide,1995.0,"drama film, action film, war film, thriller film",88.0,53000000.0,157387195.0
DC League of Super-Pets,2022.0,"superhero film, comedy film, action comedy film",63.0,90000000.0,207357117.0
Dark Phoenix,2019.0,"science fiction film, superhero film, adventure film",46.0,200000000.0,244676878.0
Darkest Hour,2017.0,"biographical film, drama film, war film",84.0,30000000.0,150847274.0
Dawn of the Dead,1979.0,"horror film, post-apocalyptic film, action film, zombie film, science fiction film",86.0,650000.0,66000000.0
Day of the Dead,1985.0,"action film, zombie film, horror film, science fiction film",83.0,3500000.0,34004262.0
Dead Poets Society,1989.0,"coming-of-age fiction, drama film, teen film",73.0,16400000.0,235860116.0
Deadpool,2016.0,"comedy film, action film, science fiction film, superhero film, LGBT-related film",71.0,58000000.0,782836791.0
Deadpool 2,2018.0,"comedy film, time-travel film, superhero film, LGBT-related film, speculative/fantastic fiction film",71.0,110000000.0,1000000000.0
Death Hunt,1981.0,"adventure film, crime film, action film, thriller film",61.0,10000000.0,21000000.0
Death Race 2000,1975.0,"science fiction film, speculative/fantastic fiction film, action film, dystopian film",81.0,300000.0,8000000.0
Death on the Nile,2022.0,"mystery film, drama film, crime film, detective film, film based on a novel, thriller film, suspense",62.0,90000000.0,137307235.0
Death on the Nile,1978.0,"mystery film, drama film, crime film, detective film, film based on a novel, thriller film, suspense",66.0,7920000.0,14568801.0
Der Name der Rose,1986.0,"mystery film, drama film, crime film, film based on a novel, horror film, medieval film, thriller film",63.0,17500000.0,77200000.0
Desperate Journey,1942.0,"drama film, war film",67.0,1209000.0,3980000.0
Diamonds Are Forever,1971.0,"adventure film, action film, film based on a novel, spy film, thriller",62.0,7200000.0,115999985.0
Dick Tracy,1990.0,"comedy film, crime film, action film",58.0,47000000.0,162738726.0
Die Hard,1988.0,"heist film, action film, action thriller, film based on a novel, Christmas film",94.0,28000000.0,141603197.0
Die Hard 2,1990.0,"action thriller, Christmas film, film based on a novel, thriller film, crime film, action film",69.0,70000000.0,240031274.0
Die Hard 4.0,2007.0,"buddy cop film, buddy film, action thriller, action film",82.0,110000000.0,388156011.0
Die Hard with a Vengeance,1995.0,"action thriller, heist film, action film, buddy cop film, buddy film",61.0,90000000.0,366101666.0
Digimon: The Movie,2000.0,action film,41.0,5000000.0,16643191.0
District 9,2009.0,"dystopian film, drama film, found footage, action film, science fiction film, biopunk, thriller film",90.0,30000000.0,210888950.0
Divergent,2014.0,"post-apocalyptic film, dystopian film, adventure film, action film, film based on a novel, romance film, thriller film",54.0,85000000.0,288885818.0
Django Unchained,2012.0,"blaxploitation film, Western film, drama film",87.0,100000000.0,426074373.0
Do the Right Thing,1989.0,"comedy film, drama film, hood film, independent film",91.0,6000000.0,37295445.0
Doctor Strange,2016.0,"fantasy film, science fiction film, superhero film, action film, adventure film",73.0,165000000.0,677718395.0
Doctor Strange in the Multiverse of Madness,2021.0,"fantasy film, action film, science fiction film, superhero film, adventure film, horror film",74.0,200000000.0,955775804.0
Doctor Strange in the Multiverse of Madness,2022.0,"fantasy film, action film, science fiction film, superhero film, adventure film, horror film",74.0,200000000.0,955775804.0
DodgeBall: A True Underdog Story,2004.0,"sport film, comedy film, LGBT-related film",63.0,20000000.0,168423227.0
Dogma,1999.0,"fantasy film, comedy film, adventure film",63.0,10000000.0,31429330.0
Don't Worry Darling,2022.0,"mystery film, drama film, psychological thriller, horror film, thriller film",38.0,20000000.0,87609403.0
Donnie Darko,2001.0,"mystery film, drama film, magic realist film, comedy drama, fantasy film, science fiction film, horror film",87.0,6000000.0,7510154.0
Double Dragon,1994.0,"action film, fantasy film, science fiction film, martial arts film, film based on literature, dystopian film",13.0,7800000.0,4152699.0
Doubt,2008.0,drama film,70.0,20000000.0,51699984.0
Down by Law,1986.0,"road movie, comedy film, prison film, drama film, independent film, buddy film",76.0,453600.0,1529199.0
Dr. No,1963.0,"action film, film based on a novel, spy film, thriller, adventure film",95.0,1100000.0,59600000.0
Dr. Seuss' How the Grinch Stole Christmas,2000.0,"musical film, fantasy film, film based on books, Christmas film, children's film, family film, comedy film, adventure film",49.0,123000000.0,345100000.0
Dr. Strangelove,1964.0,"war film, black comedy film, film based on a novel, comedy film, satirical film or television program",91.0,1800000.0,9523464.0
Dragonball Evolution,2009.0,"fantasy film, science fiction film, adventure film, action film",36.0,30000000.0,55720772.0
Drive,2011.0,"thriller film, drama film, crime film, neo-noir",83.0,15000000.0,78714970.0
Dune,2021.0,"film based on a novel, science fiction film, speculative/fantastic fiction film, adventure film, action film",76.0,165000000.0,401847900.0
Dune: Part One,2021.0,"adventure film, action film, science fiction film, film based on a novel, speculative/fantastic fiction film",76.0,165000000.0,401847900.0
Dunkirk,2017.0,"war film, drama film",92.0,100000000.0,526940665.0
E.T. the Extra-Terrestrial,1982.0,"drama film, science fiction film, children's film, family film",99.0,10500000.0,792910554.0
Each Dawn I Die,1939.0,"crime film, prison film, drama film",60.0,735000.0,1570000.0
Edward Scissorhands,1990.0,"drama film, fantasy film, science fiction film, Christmas film, romance film, horror film, comedy film",90.0,20000000.0,86024005.0
Elf,2003.0,"fantasy film, Christmas film, family film, comedy film",71.0,33000000.0,225097437.0
Elizabeth: The Golden Age,2007.0,"drama film, biographical film",51.0,55000000.0,75782758.0
Elvis,2022.0,"biographical film, gambling film, drama film, musical film",77.0,85000000.0,272075000.0
Enemy of the State,1998.0,"political thriller film, thriller film, action film",64.0,90000000.0,250600000.0
Eraserhead,1978.0,"fantasy film, speculative/fantastic fiction film, drama film, body horror film",83.0,100000.0,7097971.0
Escape from Alcatraz,1979.0,"prison film, drama film, action film, film based on books",70.0,8000000.0,43005351.0
Escape from New York,1981.0,"thriller film, post-apocalyptic film, dystopian film, prison film, action film, science fiction film",86.0,6000000.0,25274965.0
Escape to Victory,1981.0,"prison film, drama film, association football film, war film",63.0,10000000.0,27453418.0
Eternal Sunshine of the Spotless Mind,2004.0,"romantic comedy, melodrama, comedy drama, fantasy film, science fiction film",85.0,20000000.0,74036715.0
Eternals,2021.0,"superhero film, speculative/fantastic fiction film, adventure film, drama film, action film, science fiction film",56.0,200000000.0,402064899.0
Everything Everywhere All at Once,2022.0,"family film, absurdist fiction, psychedelic film, action film, comedy drama, science fiction film, martial arts film",940.0,25000000.0,97737200.0
Evil Dead,2013.0,"zombie film, horror film",62.0,17000000.0,97542952.0
Exodus: Gods and Kings,2014.0,"drama film, historical film",30.0,140000000.0,268175631.0
F9,2021.0,action film,57.0,200000000.0,726229501.0
Fanny och Alexander,1983.0,drama film,100.0,6000000.0,6795771.0
Fantastic Beasts and Where to Find Them,2016.0,"adventure film, drama film, fantasy film, film based on books, children's film",74.0,180000000.0,814044001.0
Fantastic Beasts: The Crimes of Grindelwald,2018.0,"fantasy film, adventure film, drama film",36.0,200000000.0,654855901.0
Fantastic Beasts: The Secrets of Dumbledore,2022.0,"fantasy film, family film, adventure film, drama film",46.0,200000000.0,405161334.0
Fantastic Mr. Fox,2009.0,"action film, melodrama, film based on a novel, stop-motion animated film, comedy film",79.0,40000000.0,46474181.0
Fargo,1996.0,"thriller film, drama film, crime film, black comedy film, neo-noir",88.0,7000000.0,60611975.0
Fast & Furious 6,2013.0,"thriller film, heist film, action film",62.0,160000000.0,788680968.0
Fast & Furious Presents: Hobbs & Shaw,2019.0,"action film, thriller film",61.0,200000000.0,759056935.0
Fast Five,2011.0,"heist film, crime thriller, crime film, action film",78.0,125000000.0,626137675.0
Fast and Furious 7 (Furious 7) part 1 and part 2,2015.0,"comedy film, drama film, action film, thriller film, heist film",67.0,190000000.0,1515047671.0
Ferris Bueller's Day Off,1986.0,"coming-of-age fiction, comedy film, teen film",81.0,5000000.0,70720215.0
Fight Club,1999.0,"psychological thriller film, film based on a novel, thriller film, flashback film, drama film",74.0,63000000.0,101209702.0
First Reformed,2018.0,drama film,83.0,3500000.0,3862498.0
Five Star Final,1931.0,"drama film, crime film",91.0,310000.0,822000.0
Flightplan,2005.0,"drama film, thriller film, mystery film",53.0,55000000.0,223387299.0
Forbidden Planet,1956.0,"drama film, action film, science fiction film, adventure film",96.0,1968000.0,2765000.0
Ford v. Ferrari,2019.0,"action film, drama film, biographical film",77.0,97600000.0,172535062.0
Forrest Gump,1994.0,"tragicomedy, flashback film, coming-of-age fiction, comedy film, drama film, romantic comedy, American football film, film based on a novel, historical drama",71.0,55000000.0,678151134.0
Frank,2014.0,"comedy film, drama film",75.0,1000000.0,2524835.0
Freaky Friday,2003.0,"comedy film, romantic comedy, musical film, fantasy film, film based on a novel",88.0,20000000.0,160846332.0
Freddy Got Fingered,2001.0,comedy film,11.0,14000000.0,14343028.0
Free Fire,2017.0,"action film, comedy film",70.0,7000000.0,3719383.0
From Russia with Love,1964.0,"action film, film based on a novel, spy film",97.0,2000000.0,78900000.0
Fury,2014.0,"war film, drama film, action film",76.0,68000000.0,211822697.0
Get Out,2017.0,"horror film, thriller film, comedy horror, mystery film",84.0,4500000.0,255745157.0
Ghostbusters: Afterlife,2021.0,"speculative/fantastic fiction film, comedy film, ghost film, science fiction film",62.0,75000000.0,197360575.0
Gigi,1958.0,"film based on literature, romantic comedy, musical film",75.0,3300000.0,13200000.0
"Gigi, ett lättfärdigt styckesv",1958.0,"film based on literature, romantic comedy, musical film",75.0,3300000.0,13200000.0
Gladiator,2000.0,"adventure film, drama film, action film, historical film, melodrama, sword-and-sandal film, epic film",73.0,103000000.0,460583960.0
Glass,2019.0,"science fiction film, thriller film, horror film, superhero film",52.0,20000000.0,244100000.0
Godzilla vs. Kong,2021.0,"action film, science fiction film, thriller film",75.0,200000000.0,468216094.0
Goldfinger,1965.0,"spy film, action film, film based on a novel",99.0,3000000.0,124900000.0
Gone Girl,2014.0,"mystery film, drama film, crime thriller, crime film, detective film, film based on a novel, thriller film",88.0,61000000.0,369330363.0
Goodfellas,1990.0,"drama film, crime film, biographical film, film based on books",96.0,25000000.0,47036784.0
Gosford Park,2002.0,"comedy film, mystery film, drama film, crime film",87.0,19800000.0,87754044.0
Gran Torino,2009.0,"drama film, crime film",71.0,33000000.0,269958228.0
Gravity,2013.0,"survival film, science fiction film, disaster film, thriller film, techno-thriller",90.0,100000000.0,723192705.0
Green Book,2018.0,"comedy drama, LGBT-related film, comedy film, biographical film, road movie, drama film",72.0,23000000.0,321752656.0
Green Room,2016.0,"thriller film, horror film, drama film",90.0,5000000.0,3807503.0
Groundhog Day,1993.0,"comedy film, romantic comedy, magic realist film, melodrama, comedy drama, fantasy film, science fiction film, romance film",79.0,14600000.0,105000000.0
Guardians of the Galaxy,2014.0,"science fiction film, superhero film",92.0,170000000.0,772776600.0
Guardians of the Galaxy Vol. 2,2017.0,"science fiction film, comedy film, adventure film",73.0,200000000.0,863756051.0
Gunga Din,1939.0,"adventure film, ghost film, war film",92.0,1915000.0,2807000.0
Hacksaw Ridge,2016.0,"drama film, anti-war film, biographical film, romance film",72.0,40000000.0,180563636.0
Halloween,1978.0,"slasher film, teen film, horror film, drama film",86.0,325000.0,70274000.0
Halloween Kills,2021.0,"slasher film, horror film",59.0,20000000.0,131647155.0
Hardcore Henry,2016.0,"cyberpunk, science fiction film, action film",56.0,2000000.0,16810562.0
Harry Brown,2010.0,"drama film, neo-noir, crime film",60.0,7300000.0,10371451.0
Harry Potter and the Chamber of Secrets,2002.0,"adventure film, fantasy film, film based on a novel, children's film",72.0,100000000.0,879793867.0
Harry Potter and the Deathly Hallows – Part 1,2010.0,"adventure film, action film, fantasy, fantasy film, film based on a novel",71.0,250000000.0,976536918.0
Harry Potter and the Deathly Hallows – Part 2,2011.0,"fantasy film, film based on a novel, adventure film",83.0,250000000.0,1341511219.0
Harry Potter and the Goblet of Fire,2005.0,"adventure film, fantasy film, film based on a novel, children's film",88.0,150000000.0,895921036.0
Harry Potter and the Half-Blood Prince,2009.0,"fantasy film, film based on a novel",71.0,250000000.0,933959197.0
Harry Potter and the Order of the Phoenix,2007.0,"fantasy film, film based on a novel, children's film",69.0,150000000.0,941676843.0
Harry Potter and the Philosopher's Stone,2001.0,"fantasy film, film based on a novel, children's film, speculative/fantastic fiction film, adventure film",81.0,125000000.0,978087613.0
Harry Potter and the Sorcerer's Stone,2001.0,"speculative/fantastic fiction film, adventure film, fantasy film, film based on a novel, children's film",81.0,125000000.0,978087613.0
Heat,1995.0,"drama film, crime film, action film, heist film",87.0,60000000.0,187436818.0
Hedwig and the Angry Inch,2001.0,"drama film, romantic comedy, musical film, LGBT-related film",92.0,6000000.0,3660081.0
Hell in the Pacific,1968.0,"war film, drama film",65.0,4150000.0,3230000.0
High Fidelity,2000.0,"musical film, melodrama, comedy drama, film based on a novel, comedy film, drama film, romantic comedy",91.0,30000000.0,47126295.0
High Sierra,1941.0,"film noir, crime film, heist film, drama film",90.0,491000.0,1489000.0
Holmes & Watson,2018.0,"mystery film, action film, comedy film",32.0,42000000.0,40466970.0
Home Alone,1990.0,"comedy film, adventure film, Christmas film, children's film",67.0,18000000.0,476684675.0
Hot Fuzz,2007.0,"buddy film, parody film, comedy film, crime film, action film",91.0,16000000.0,80743363.0
Hot Rod,2007.0,"comedy film, action film",51.0,25000000.0,14353654.0
Hotel Transylvania 3,2018.0,"fantasy film, vampire film, comedy film, computer-animated film, family film, monster film, comedy horror, werewolf film",55.0,65000000.0,528583774.0
House,1986.0,"ghost film, horror film, comedy horror, zombie comedy, comedy film",51.0,3000000.0,22144631.0
How Green Was My Valley,1941.0,"drama film, film based on literature",79.0,800000.0,2400000.0
Idiocracy,2006.0,"science fiction film, science fiction comedy, comedy film, dystopian film",74.0,2400000.0,495303.0
"Il buono, il brutto, il cattivo",1967.0,"war film, treasure hunt film, Spaghetti Western",88.0,1200000.0,38900000.0
In Bruges,2008.0,"comedy film, drama film, crime film, action film, Christmas film, buddy film",73.0,15000000.0,39628029.0
Incendies,2011.0,"mystery film, drama film",92.0,6800000.0,16025025.0
Inception,2010.0,"heist film, adventure film, mystery film, drama film, science fiction film, thriller film, science fiction action film",87.0,160000000.0,836848102.0
Independence Day,1996.0,"science fiction film, disaster film, thriller film, action thriller, alien invasion, action film",66.0,75000000.0,817400891.0
Independence day – Maailmojen sota,1996.0,"thriller film, action thriller, alien invasion, action film, science fiction film, disaster film",66.0,75000000.0,817400891.0
Indiana Jones and the Kingdom of the Crystal Skull,2008.0,"adventure film, action film, treasure hunt film",69.0,185000000.0,790653942.0
Indiana Jones and the Last Crusade,1989.0,"treasure hunt film, action comedy film, adventure film",84.0,48000000.0,474200000.0
Indiana Jones and the Temple of Doom,1984.0,"action film, treasure hunt film, adventure film",74.0,28000000.0,333100000.0
Inglourious Basterds,2009.0,"alternate history film, adventure film, drama film, war film, parody film",89.0,70000000.0,321457747.0
Interstellar,2014.0,"dystopian film, adventure film, time-travel film, drama film, science fiction film",71.0,165000000.0,701729206.0
Iron Man,2008.0,"science fiction film, action film, adventure film, superhero film",77.0,140000000.0,585366247.0
Iron Man 2,2010.0,"science fiction film, action film, adventure film, superhero film",65.0,200000000.0,623933331.0
Iron Man 3,2013.0,"adventure film, comedy film, action film, science fiction film, superhero film",70.0,200000000.0,1214811252.0
It,2017.0,"fantasy film, psychological thriller film, supernatural horror film, film based on a novel, supernatural film, contemporary fantasy, horror film, thriller film, coming-of-age fiction, mystery film",73.0,35000000.0,701842551.0
It's a Wonderful Life,1947.0,"flashback film, Christmas film, film based on literature, comedy film, drama film, romantic comedy, fantasy film",93.0,3180000.0,8224626.0
It's a Wonderful Life,1946.0,"flashback film, Christmas film, film based on literature, comedy film, drama film, romantic comedy, fantasy film",90.0,3180000.0,8224626.0
It: Chapter Two,2019.0,"LGBT-related film, slasher film, horror film, supernatural horror film, film based on a novel",62.0,180000000.0,473122525.0
Jason Bourne,2016.0,"mystery film, action film, action thriller, thriller film",58.0,120000000.0,415484914.0
Jaws,1975.0,"horror film, thriller film",97.0,9000000.0,471411300.0
Jay and Silent Bob Strike Back,2001.0,"parody, buddy film, parody film, stoner film, comedy film",56.0,22000000.0,33788161.0
John Wick,2014.0,"thriller film, crime thriller, action film",86.0,20000000.0,86081711.0
John Wick: Chapter 2,2017.0,"thriller film, crime film, action film",89.0,40000000.0,171547802.0
John Wick: Chapter 3 – Parabellum,2019.0,"action film, neo-noir, thriller film",75.0,75000000.0,327281779.0
John Wick: Chapter 4,2023.0,"action film, action thriller, neo-noir, adventure film",94.0,100000000.0,137817950.0
Jojo Rabbit,2019.0,"comedy film, drama film, war film, comedy drama",76.0,14000000.0,90335025.0
Joker,2019.0,"crime film, thriller film, drama film, psychological thriller film",73.0,55000000.0,1074458282.0
Judge Dredd,1995.0,"dystopian film, action film, neo-noir, science fiction film, superhero film, speculative/fantastic fiction film",40.0,90000000.0,113493481.0
Jumanji,1995.0,"action film, adventure film, film based on books, fantasy film, comedy film",60.0,65000000.0,262800000.0
Jumanji: The Next Level,2019.0,"comedy film, action comedy film, adventure film, film based on books",71.0,125000000.0,800059707.0
Jumanji: Welcome to the Jungle,2017.0,"comedy film, adventure film, action film, fantasy film, film based on books",76.0,90000000.0,962102237.0
Jurassic Park,1993.0,"adventure film, action film, science fiction film, film based on a novel, thriller film",84.0,63000000.0,1030314141.0
Jurassic Park III,2001.0,"biopunk, adventure film, action film, science fiction film",49.0,93000000.0,368780809.0
Jurassic World,2015.0,"adventure film, action film, science fiction film, biopunk",66.0,150000000.0,1670400637.0
Jurassic World Dominion,2022.0,"science fiction film, biopunk, thriller film, science fiction action film, adventure film, action film",29.0,165000000.0,1001978080.0
Jurassic World: Fallen Kingdom,2018.0,"adventure film, action film, science fiction film",55.0,170000000.0,1310466296.0
Justice League,2017.0,"science fiction action film, action film, adventure film, superhero film, fantasy film, science fiction film",53.0,300000000.0,657926987.0
Kahlil Gibran's The Prophet,2015.0,drama film,66.0,12000000.0,1261412.0
Kill Bill Volume 1,2003.0,"action thriller, splatter film, martial arts film, girls with guns, samurai cinema, wuxia film, vigilante film",77.0,30000000.0,180906076.0
Kill Bill Volume 2,2004.0,"thriller film, girls with guns, action film, martial arts film",78.0,30000000.0,154118820.0
Kindergarten Cop,1990.0,"buddy cop film, action film, LGBT-related film, comedy film, comedy thriller",55.0,15000000.0,201957688.0
King Kong,2005.0,"action film, adventure film, drama film, romance film",77.0,207000000.0,550517357.0
Knives Out,2019.0,"comedy film, mystery film, drama film, crime film, thriller film",83.0,40000000.0,196103961.0
Kung Pow! Enter the Fist,2002.0,"martial arts film, parody film",13.0,10000000.0,16994625.0
La Bataille d'alger,1967.0,"docudrama, drama film",91.0,806735.0,962002.0
La La Land,2016.0,"comedy drama, musical film, romance film, comedy film, drama film",87.0,30000000.0,471981104.0
La Ruse,2022.0,"film based on books, war film, drama film",84.0,6300000.0,15710164.0
La vita è bella,1998.0,"drama film, comedy film",76.0,20000000.0,230098753.0
Lady Bird,2017.0,"tragicomedy, comedy drama, LGBT-related film, drama film",99.0,10000000.0,78986478.0
Land of the Dead,2005.0,"horror film, post-apocalyptic film, action film, zombie film, science fiction film",74.0,15000000.0,47074133.0
Lars and the Real Girl,2007.0,"comedy film, drama film",71.0,12000000.0,11293663.0
Lawrence of Arabia,1962.0,"biographical film, film based on books, flashback film, epic film, adventure film, drama film, war film",94.0,15000000.0,45716692.0
Le Cinquième Élément,1997.0,"speculative/fantastic fiction film, comedy film, dystopian film, adventure film, action film, fantasy film, science fiction film",71.0,90000000.0,263900000.0
Les Chariots de feu,1982.0,"sport film, drama film, historical film, biographical film",82.0,5500000.0,59303359.0
Les Minions 2 : Il était une fois Gru,2022.0,"comedy film, family film, action film",70.0,85000000.0,760095375.0
Lethal Weapon 3,1992.0,"buddy film, crime film, thriller film, action film, buddy cop film",57.0,35000000.0,321731527.0
Lethal Weapon 4,1998.0,"buddy cop film, buddy film, martial arts film, thriller film, action film",59.0,140000000.0,285444603.0
Licence to Kill,1989.0,"action film, spy film, rape and revenge film",63.0,40000000.0,156167015.0
Limelight,1952.0,"drama film, musical film, comedy drama",97.0,900000.0,8000000.0
Little Shop of Horrors,1986.0,"science fiction film, science fiction comedy, horror film, comedy horror, comedy film, musical film",90.0,25000000.0,39032786.0
Live Free or Die Hard,2007.0,"buddy cop film, buddy film, action thriller, action film",82.0,110000000.0,388156011.0
Live and Let Die,1973.0,"blaxploitation film, film based on a novel, spy film, action film",57.0,7000000.0,161800000.0
Logan,2017.0,"action film, drama film, science fiction film, survival film, superhero film, dystopian film",80.0,97000000.0,619021436.0
Lolita,1962.0,"drama film, comedy drama, film based on a novel, romance film, neo-noir",91.0,2000000.0,9254631.0
Looper,2012.0,"action film, science fiction film, dystopian film, drama film, crime thriller",81.0,30000000.0,176506819.0
Lord of War,2005.0,"action film, drama film, crime film",63.0,50000000.0,72617068.0
Léon,1994.0,"drama film, crime thriller, action film, crime film, buddy film, gangster film, mystery film",69.0,16000000.0,45284974.0
MIB: International,2019.0,"comedy film, action film, science fiction film",45.0,110000000.0,253890701.0
Magic Mike,2012.0,"sexploitation film, comedy film, drama film, melodrama",69.0,7000000.0,167282206.0
Magic Mike XXL,2015.0,"sexploitation film, comedy film, drama film, comedy drama",60.0,14800000.0,117813057.0
Maleficent: Mistress of Evil,2019.0,"fantasy film, family film, adventure film, drama film, action film, melodrama",51.0,185000000.0,293512000.0
Marnie,1964.0,"mystery film, drama film, crime thriller, film based on a novel, thriller film",73.0,3000000.0,7008922.0
Marriage Story,2019.0,"romance film, comedy drama",88.0,18000000.0,232737.0
Master and Commander: The Far Side of the World,2003.0,"drama film, action film, war film, film based on a novel, historical drama, adventure film",76.0,150000000.0,212011111.0
Maze Runner: The Death Cure,2018.0,"action film, fantasy film, film based on a novel, post-apocalyptic film, dystopian film, mystery film",43.0,62000000.0,288175335.0
Memoirs of a Geisha,2005.0,"film based on literature, drama film, romance film",54.0,85000000.0,162242962.0
Men in Black,1997.0,"comedy film, action film, science fiction film, buddy film, buddy cop film",75.0,90000000.0,589390539.0
Men in Black 3,2012.0,"science fiction film, speculative/fantastic fiction film, comedy film, time-travel film, action film",68.0,225000000.0,624026776.0
Men in Black II,2002.0,"action film, science fiction film, buddy cop film, comedy film",53.0,140000000.0,445135288.0
Michael Clayton,2007.0,"thriller film, legal thriller, mystery film, drama film",76.0,21500000.0,92991835.0
Michael Collins,1996.0,"war film, biographical film, drama film",69.0,25000000.0,27572844.0
Minions: The Rise of Gru,2022.0,"family film, action film, comedy film",70.0,85000000.0,760095375.0
Minority Report,2002.0,"action film, science fiction film, thriller film, film based on literature, dystopian film",90.0,102000000.0,358372926.0
Mishima: A Life in Four Chapters,1985.0,"erotic film, biographical film, LGBT-related film, drama film",75.0,5000000.0,569996.0
Missing Link,2019.0,"comedy film, adventure film",72.0,102300000.0,26565710.0
Mission: Impossible,1996.0,"spy film, thriller film, heist film, action film",61.0,80000000.0,457696391.0
Mission: Impossible II,2000.0,"action film, spy film, thriller film",60.0,125000000.0,546388108.0
Mission: Impossible III,2006.0,"adventure film, action film, spy film, thriller film",66.0,150000000.0,398479497.0
Mission: Impossible – Fallout,2018.0,"adventure film, action film, thriller film",84.0,178000000.0,791657398.0
Mission: Impossible – Ghost Protocol,2011.0,"action film, spy film, thriller film",77.0,145000000.0,694713380.0
Mission: Impossible – Rogue Nation,2015.0,"action film, thriller film",75.0,150000000.0,682716636.0
Monster Hunter,2020.0,"fantasy film, adventure film, action film",49.0,60000000.0,42145959.0
Monty Python’s Life of Brian,1979.0,"comedy film, religious satire, parody film",96.0,4000000.0,20745728.0
Moon,2009.0,"drama film, science fiction film",90.0,5000000.0,9760104.0
Moonlight,2016.0,"drama film, LGBT-related film",98.0,1500000.0,65336603.0
Moonraker,1979.0,"action film, film based on a novel, spy film, speculative/fantastic fiction film, science fiction action film, thriller, adventure film",55.0,34000000.0,210308099.0
Moonrise Kingdom,2012.0,"comedy drama, drama film, romantic comedy, teen film, tragicomedy",82.0,16000000.0,68264022.0
Moonstruck,1987.0,romantic comedy,93.0,15000000.0,122100000.0
Mortal Kombat,1995.0,"adventure film, action film, ninja film, fantasy film, martial arts film",48.0,20000000.0,122195920.0
Mr. Nice Guy,1998.0,"comedy film, action film, martial arts film",55.0,6000000.0,31716953.0
Mrs. Harris Goes to Paris,2022.0,drama film,94.0,13000000.0,30877284.0
Mulholland Drive,2001.0,"neo-noir, LGBT-related film, mystery film, drama film",76.0,15000000.0,20271905.0
Murder on the Orient Express,2017.0,"film based on a novel, detective film, crime film, mystery film, drama film",60.0,55000000.0,352789811.0
Murder on the Orient Express,1974.0,"film based on a novel, detective film, crime film, mystery film, drama film",90.0,1400000.0,35700000.0
My Big Fat Independent Movie,2005.0,parody film,40.0,3000000.0,12155249.0
My Favorite Wife,1940.0,"comedy of remarriage, romantic comedy",68.0,921000.0,2057000.0
My Winnipeg,2008.0,documentary film,95.0,500000.0,316743.0
Nacho Libre,2006.0,"comedy film, buddy film",40.0,35000000.0,99255460.0
Nashville,1975.0,"drama film, musical film, comedy drama",91.0,2200000.0,9991258.0
Nebraska,2014.0,"drama film, comedy drama",80.0,12000000.0,27682872.0
Nebraska,2013.0,"drama film, comedy drama",91.0,12000000.0,27682872.0
Need for Speed,2014.0,"crime film, thriller film, action film, drama film",43.0,66000000.0,203300000.0
Network,1976.0,"satirical film or television program, drama film, comedy drama",84.0,3800000.0,23690757.0
Never Say Never Again,1983.0,"film based on a novel, spy film, action film",71.0,36000000.0,160000000.0
Night at the Museum,2006.0,"fantasy film, film based on a novel, action comedy film",53.0,110000000.0,574481229.0
Night at the Museum: Battle of the Smithsonian,2009.0,"adventure film, action film, fantasy film, slapstick",52.0,150000000.0,413106170.0
Night at the Museum: Secret of the Tomb,2014.0,"comedy film, adventure film, action film, fantasy film",50.0,127000000.0,363204635.0
Night of the Living Dead,1968.0,"zombie film, science fiction film, splatter film, horror film",88.0,114000.0,30087064.0
Nightcrawler,2014.0,"drama film, neo-noir, thriller film",83.0,8500000.0,47398992.0
Nine Lives,2016.0,comedy film,14.0,30000000.0,57814445.0
No Country for Old Men,2007.0,"gangster film, drama film, crime thriller, crime film, neo-noir, film based on a novel, thriller film",93.0,25000000.0,171627166.0
Noah,2014.0,"speculative/fantastic fiction film, adventure film, drama film, fantasy film, apocalyptic film, epic film",75.0,125000000.0,362637473.0
Nobody,2021.0,"comedy film, vigilante film, action film, thriller film",70.0,16000000.0,56700000.0
Nope,2022.0,"horror film, thriller film, mystery film, science fiction film",82.0,68000000.0,136198141.0
North by Northwest,1959.0,"spy film, horror film, thriller film, mystery film, crime film",97.0,4300000.0,9840000.0
Notorious,1946.0,"spy film, drama film, film noir, political thriller film",89.0,1000000.0,24493053.0
"Objective, Burma!",1945.0,"war film, action film",68.0,1592000.0,3961000.0
Oblivion,2013.0,"dystopian film, science fiction film, thriller film, alien invasion, action film, post-apocalyptic film",59.0,160000000.0,286168572.0
Ocean's 8,2018.0,"female buddy film, comedy film, crime film, action film, thriller film, heist film",68.0,70000000.0,297718711.0
Octopussy,1983.0,"thriller, film based on literature, adventure film, action film, spy film, thriller film",52.0,27500000.0,187500000.0
Office Space,1999.0,comedy film,68.0,10000000.0,10828256.0
On Her Majesty's Secret Service,1969.0,"thriller, adventure film, crime film, action film, film based on a novel, Christmas film, spy film",81.0,7000000.0,82000000.0
One Flew Over the Cuckoo's Nest,1975.0,"comedy film, drama film, prison film, film based on a novel, medical drama",91.0,3000000.0,109114817.0
"One, Two, Three",1961.0,comedy film,76.0,3000000.0,4000000.0
Operation Mincemeat,2022.0,"drama film, film based on books, war film",84.0,6300000.0,15710164.0
Orphan,2009.0,"mystery film, horror film, thriller film",56.0,20000000.0,77912251.0
Out of Africa,1985.0,"biographical film, romance film, drama fiction, adventure film, drama film, film based on a novel",69.0,31000000.0,227500000.0
Pacific Rim: Uprising,2018.0,"apocalyptic film, science fiction film, action film, adventure film, kaiju, dystopian film",42.0,150000000.0,290930148.0
Paddington,2015.0,"family film, film based on literature, comedy film, cinematic fairy tale",97.0,55000000.0,282377683.0
Paddington 2,2018.0,"family film, comedy film",87.0,50000000.0,227994792.0
Palm Springs,2020.0,comedy film,94.0,5000000.0,1512871.0
"Paris, Texas",1984.0,drama film,83.0,1800000.0,2208837.0
Paterson,2016.0,"drama film, comedy drama, comedy film",85.0,5000000.0,10727536.0
Pearl,2022.0,"slasher film, psychological horror",92.0,1000000.0,9747742.0
Pirates of the Caribbean: At World's End,2007.0,"swashbuckler film, epic film, comedy film, adventure film, action film, pirate film, comedy drama, fantasy film",55.0,300000000.0,960996492.0
Pirates of the Caribbean: Dead Man's Chest,2006.0,"comedy film, adventure film, action film, pirate film, treasure hunt film, fantasy film, swashbuckler film",53.0,225000000.0,1066179725.0
Pirates of the Caribbean: Dead Men Tell No Tales,2017.0,"comedy film, pirate film, treasure hunt film, fantasy film, swashbuckler film",47.0,230000000.0,794881442.0
Pirates of the Caribbean: On Stranger Tides,2011.0,"adventure film, action film, zombie film, pirate film, treasure hunt film, fantasy film, swashbuckler film, comedy film",33.0,410000000.0,1045713802.0
Pirates of the Caribbean: The Curse of the Black Pearl,2003.0,"treasure hunt film, fantasy film, swashbuckler film, comedy film, adventure film, action film, pirate film",80.0,140000000.0,654264015.0
Platoon,1986.0,"drama film, action film, war film",84.0,6000000.0,138545632.0
Popstar: Never Stop Never Stopping,2016.0,comedy film,67.0,20000000.0,9680029.0
Predator,1987.0,"horror film, thriller film, action film, science fiction film",71.0,15000000.0,98268458.0
Primal Fear,1996.0,"psychological thriller, trial film, drama film, crime film, neo-noir, film based on a novel",76.0,30000000.0,102616183.0
Prisoners,2013.0,"drama film, vigilante film, crime film",73.0,46000000.0,122126687.0
Psycho,1960.0,"mystery film, psychological horror, psychological thriller film, film based on a novel, slasher film, horror film, thriller film, LGBT-related film, thriller",92.0,800000.0,50000000.0
Pulp Fiction,1994.0,"gangster film, drama film, independent film, thriller film",92.0,8000000.0,213928762.0
Raiders of the Lost Ark,1981.0,"action film, treasure hunt film",93.0,18000000.0,389900000.0
Rain Man,1988.0,"buddy film, drama film, comedy drama",79.0,25000000.0,354800000.0
Raising Arizona,1987.0,"crime film, action film, comedy film",77.0,6000000.0,29180280.0
Rambo: First Blood Part II,1985.0,"action film, drama film, film based on literature, thriller film",33.0,44000000.0,300400000.0
Rampage,2018.0,"adventure film, action film, science fiction film",53.0,150000000.0,428028233.0
Ratatouille,2007.0,"buddy film, flashback film, coming-of-age fiction",85.0,150000000.0,623722818.0
Ready or Not,2019.0,"horror film, thriller film, black comedy film",88.0,6000000.0,57615777.0
Rear Window,1954.0,"thriller film, film based on literature, mystery film, crime film, detective film",98.0,1000000.0,37034514.0
Red Sparrow,2018.0,"film based on a novel, spy film, thriller film",55.0,69000000.0,151572634.0
Repo Men,2010.0,"science fiction film, film based on a novel, cyberpunk, biopunk, thriller film, dystopian film, action film",44.0,32000000.0,18409891.0
Reservoir Dogs,1992.0,"heist film, flashback film, drama film, film noir",90.0,1200000.0,2913644.0
RoboCop,1987.0,"speculative/fantastic fiction film, thriller film, dystopian film, action film, science fiction film, splatter film, cyberpunk, superhero film",79.0,13000000.0,53425389.0
Rogue One: A Star Wars Story,2016.0,"war film, space opera, science fiction film, fantasy film, action film",75.0,200000000.0,1056057273.0
Rollerball,2002.0,"action film, science fiction film",3.0,70000000.0,25852764.0
Roman Holiday,1953.0,"comedy film, drama film, romantic comedy",84.0,1500000.0,12000000.0
Rush Hour,1998.0,"action film, buddy cop film, martial arts film",61.0,35000000.0,245253686.0
Rushmore,1998.0,"coming-of-age fiction, comedy film, drama film, teen film, comedy drama",90.0,9000000.0,19080435.0
San Andreas,2015.0,"disaster film, action film",52.0,110000000.0,474009154.0
Saving Private Ryan,1998.0,"drama film, action film, war film",94.0,70000000.0,482349603.0
Say Anything...,1989.0,"teen film, coming-of-age fiction, drama film, romantic comedy",81.0,16000000.0,21515196.0
Scarface,1983.0,"crime film, action film, drama film",81.0,25000000.0,65884703.0
Schindler's List,1993.0,"drama film, war film, biographical film, film based on a novel",98.0,22000000.0,322139355.0
School of Rock,2003.0,"comedy film, musical film",77.0,35000000.0,131095990.0
Scott Pilgrim vs. the World,2010.0,"fantasy film, LGBT-related film, action comedy film, comedy film, romantic comedy, action film, magic realist film",82.0,60000000.0,49421974.0
Scream,2022.0,"slasher film, metafiction, comedy horror film",76.0,24000000.0,140041405.0
Serenity,2005.0,"science fiction film, Western film, space Western, speculative/fantastic fiction film, post-apocalyptic film, comedy film, dystopian film, adventure film, drama film, action film, thriller film",82.0,39000000.0,40445129.0
Seven,1995.0,"mystery film, drama film, crime film, detective film, neo-noir, thriller film, buddy cop film",79.0,33000000.0,327333559.0
Shang-Chi and the Legend of the Ten Rings,2021.0,"martial arts film, superhero film",75.0,150000000.0,432243292.0
Shazam!,2019.0,"action film, Christmas film, superhero film, fantasy film, comedy film",90.0,100000000.0,366080049.0
Shazam! Fury of the Gods,2023.0,"adventure film, comedy film, action film, superhero film",49.0,125000000.0,133438006.0
She's All That,1999.0,"coming-of-age fiction, romantic comedy",41.0,10000000.0,103166989.0
Sherlock Holmes,2009.0,"buddy cop film, adventure film, mystery film, crime thriller, action film",62.0,90000000.0,524028679.0
Sherlock Holmes: A Game of Shadows,2011.0,"film based on literature, adventure film, mystery film, crime thriller, steampunk film, action film",59.0,125000000.0,543848418.0
Shutter Island,2010.0,"film based on a novel, horror film, thriller film, mystery film, drama film, crime film",68.0,80000000.0,294800000.0
Silence,2017.0,"drama film, historical film, film based on a novel",76.0,40000000.0,23834809.0
Sin City,2005.0,"drama film, vigilante film, crime film, film noir, action film, neo-noir",75.0,40000000.0,158733820.0
Singin' in the Rain,1952.0,"romantic comedy, musical film",100.0,2540000.0,7235585.0
Skyfall,2012.0,"action film, action thriller, spy film",82.0,200000000.0,1108561013.0
Skyscraper,2018.0,"action film, drama film, action thriller",52.0,125000000.0,304868961.0
Smile,2022.0,psychological horror film,80.0,17000000.0,217408513.0
Snakes on a Plane,2006.0,"comedy film, crime thriller, action film, thriller film, comedy horror",62.0,33000000.0,62022014.0
Snow Day,2000.0,"comedy film, children's film",29.0,13000000.0,62464731.0
Solaris,2002.0,"psychological drama film, adventure film, mystery film, drama film, science fiction film, film based on a novel, romance film",65.0,47000000.0,30002758.0
Solo: A Star Wars Story,2018.0,"space Western, speculative/fantastic fiction film, action film, fantasy film, science fiction film",64.0,250000000.0,392924807.0
Somebody Up There Likes Me,1956.0,"boxing film, drama film, biographical film",66.0,1920000.0,3360000.0
Sorcerer,1977.0,"action film, film based on a novel, thriller film",74.0,21600000.0,12006232.0
Soul,2020.0,"comedy drama, animated film, fantasy film, ghost film, adventure film",83.0,150000000.0,120957731.0
Spawn,1997.0,"superhero film, horror film, adventure film, action film, fantasy film",39.0,40000000.0,87840042.0
Spectre,2015.0,"thriller film, action film, adventure film, spy film",63.0,245000000.0,880674609.0
Speed,1994.0,"adventure film, crime film, action film, action thriller",94.0,30000000.0,350448145.0
Sphere,1998.0,"mystery film, adventure film, time-travel film, science fiction film, film based on a novel",40.0,80000000.0,73400000.0
Spider-Man,2002.0,"science fiction film, superhero film, coming-of-age fiction, drama film",90.0,139000000.0,825025036.0
Spider-Man 2,2004.0,"drama film, action film, science fiction film, superhero film, thriller film",83.0,200000000.0,788976453.0
Spider-Man 3,2007.0,"drama film, action film, science fiction film, superhero film, thriller film",62.0,258000000.0,890871626.0
Spider-Man: Far from Home,2019.0,"science fiction film, superhero film, adventure film, action film",90.0,160000000.0,1131927996.0
Spider-Man: Homecoming,2017.0,"action film, superhero film",76.0,175000000.0,880166924.0
Spider-Man: No Way Home,2021.0,"superhero film, adventure film, technofantasy, action film, science fiction film",79.0,200000000.0,1921847111.0
Splice,2010.0,"science fiction film, biopunk, horror film",67.0,30000000.0,27127620.0
Star Trek,2009.0,"science fiction film, adventure film, action film",94.0,150000000.0,385700000.0
Star Trek Into Darkness,2013.0,"science fiction action film, action film, adventure film, science fiction film",74.0,190000000.0,467381584.0
Star Trek: First Contact,1996.0,"adventure film, time-travel film, action film, science fiction film",74.0,45000000.0,146027888.0
Star Trek: Generations,1994.0,"action film, science fiction film, crossover fiction, adventure film, time-travel film",55.0,35000000.0,118071125.0
Star Trek: Insurrection,1998.0,"adventure film, action film, science fiction film",54.0,58000000.0,112587658.0
Star Trek: Nemesis,2002.0,"action film, adventure film, science fiction film",52.0,60000000.0,67336470.0
Star Wars,1977.0,"space opera, science fiction film, coming-of-age fiction, adventure film, action film",88.0,11000000.0,775398007.0
Star Wars Episode III: Revenge of the Sith,2005.0,"dystopian film, adventure film, action film, space opera, fantasy film, science fiction film",73.0,113000000.0,868390560.0
Star Wars Episode VI: Return of the Jedi,1983.0,"adventure film, action film, fantasy film, science fiction film",83.0,32500000.0,475100000.0
Star Wars: Episode II – Attack of the Clones,2002.0,"adventure film, action film, fantasy film, science fiction film",66.0,115000000.0,653779970.0
Star Wars: Episode V – The Empire Strikes Back,1980.0,"action film, fantasy film, science fiction film, adventure film",89.0,18000000.0,547879454.0
Star Wars: The Last Jedi,2017.0,"adventure film, action film, fantasy film, space opera, science fiction film",91.0,200000000.0,1332698830.0
Star Wars: The Rise of Skywalker,2019.0,"adventure film, action film, space opera, fantasy film",61.0,275000000.0,1074144248.0
Stargate,1994.0,"science fiction film, action film",54.0,55000000.0,196567262.0
Strangers on a Train,1951.0,"film noir, psychological thriller film, film based on a novel, thriller film, mystery film, drama film, crime thriller",98.0,1200000.0,7021461.0
Street Fighter,1994.0,"film adaptation, action film, martial arts film",11.0,35000000.0,99431786.0
Stuart Little,1999.0,"comedy film, film based on a novel, children's film",67.0,133000000.0,300135367.0
Stuart Little 2,2002.0,"film based on literature, comedy film, children's film",69.0,120000000.0,169956806.0
Submarine,2011.0,"coming-of-age fiction, drama film, romantic comedy, teen film",88.0,1500000.0,4581937.0
Suicide Squad,2016.0,"superhero film, prison film, fantasy film, science fiction film, action film, adventure film, vigilante film",26.0,175000000.0,746846894.0
Sully,2016.0,"biographical film, film based on books, drama film",85.0,60000000.0,240797623.0
Sully: Miracle on the Hudson,2016.0,"drama film, biographical film, film based on books",85.0,60000000.0,240797623.0
Sunset Boulevard,1950.0,"film noir, drama film, flashback film",99.0,1750000.0,5000000.0
Super Size Me,2004.0,documentary film,77.0,65000.0,20645757.0
Superman,1978.0,"superhero film, science fiction film, action film",94.0,55000000.0,300478449.0
Superman II,1981.0,"action film, fantasy film, science fiction film",74.0,54000000.0,108185706.0
Suspiria,2018.0,"splatter film, thriller film",69.0,20000000.0,7942093.0
Sydney White,2007.0,"romantic comedy, teen film",51.0,16500000.0,13620075.0
Tabu,1931.0,"silent film, romance film, drama film",85.0,150000.0,472000.0
Taken,2009.0,"thriller film, vigilante film, crime film, action film",59.0,25000000.0,226800000.0
Taken 2,2012.0,"crime thriller, vigilante film, action film",42.0,45000000.0,376100000.0
Taken 3,2015.0,"action film, thriller film, vigilante film",13.0,48000000.0,326500000.0
Taxi Driver,1976.0,"thriller film, drama film, vigilante film, neo-noir, psychological thriller film",96.0,1900000.0,28570902.0
Team America: World Police,2004.0,"action film, war film, marionette film, satirical film or television program",70.0,32000000.0,50826898.0
Terminator 2: Judgment Day,1991.0,"thriller film, post-apocalyptic film, dystopian film, time-travel film, drama film, action film, science fiction film",85.0,102000000.0,520881154.0
Terminator 3: Rise of the Machines,2003.0,"action film, science fiction film, apocalyptic film, time-travel film",65.0,200000000.0,433371112.0
Terminator Genisys,2015.0,"dystopian film, time-travel film, action film, science fiction film",26.0,155000000.0,440603537.0
Terminator Salvation,2009.0,"post-apocalyptic film, action film, science fiction film",51.0,200000000.0,371353001.0
Terminator: Dark Fate,2019.0,"post-apocalyptic film, time-travel film, action film, science fiction film",62.0,185000000.0,261119292.0
The 'Burbs,1989.0,"adventure film, mystery film, comedy drama, horror film",60.0,18000000.0,49101993.0
The 355,2022.0,"action thriller, action film, spy film",25.0,75000000.0,27854237.0
The Addams Family,1991.0,"comedy film, horror film",58.0,30000000.0,191502426.0
The American,2010.0,"film based on a novel, thriller film",66.0,20000000.0,67876281.0
The Apartment,1960.0,"drama film, romantic comedy, Christmas film",88.0,3000000.0,24600000.0
The Avengers,2012.0,"crossover fiction, speculative/fantastic fiction film, adventure film, action film, science fiction film, superhero film, spy film",91.0,220000000.0,1518812988.0
The Avengers,2011.0,"crossover fiction, speculative/fantastic fiction film, adventure film, action film, science fiction film, superhero film, spy film",91.0,220000000.0,1518812988.0
The Avengers,1998.0,"crossover fiction, speculative/fantastic fiction film, adventure film, action film, science fiction film, superhero film, spy film",5.0,60000000.0,54700000.0
The Bad Lieutenant: Port of Call New Orleans,2009.0,"drama film, crime film",72.0,25000000.0,10606422.0
The Banshees of Inisherin,2022.0,"comedy film, drama film, black comedy, tragicomedy",96.0,20000000.0,49262687.0
The Batman,2022.0,"action film, superhero film, detective film, drama fiction",85.0,200000000.0,770945583.0
"The Beast from 20,000 Fathoms",1953.0,"horror film, monster film, film based on literature, fantasy film, science fiction film",66.0,200000.0,5000000.0
The Birds,1963.0,"horror film, drama film, science fiction film",82.0,3300000.0,11436618.0
The Black Phone,2022.0,"ghost film, supernatural horror film, film based on literature, thriller film, horror film",83.0,18000000.0,155928295.0
The Bourne Identity,2002.0,"political thriller film, action thriller, film based on a novel, spy film, thriller film, mystery film, action film",70.0,60000000.0,214034224.0
The Bourne Legacy,2012.0,"spy film, thriller film, adventure film, action film, action thriller, film based on a novel",58.0,125000000.0,276144750.0
The Bourne Supremacy,2004.0,"action film, action thriller, film based on a novel, spy film, thriller film",82.0,75000000.0,290835269.0
The Bourne Ultimatum,2007.0,"action thriller, film based on a novel, spy film, thriller film, mystery film, action film",92.0,110000000.0,444100035.0
The Bridge on the River Kwai,1957.0,"film based on a novel, drama film, war film",94.0,3000000.0,27200000.0
The Chronicles of Narnia: The Voyage of the Dawn Treader,2010.0,"action film, fantasy film, film based on a novel",50.0,155000000.0,415700000.0
The Concorde ... Airport '79,1979.0,"action film, drama film, disaster film",14.0,14000000.0,65000000.0
The Da Vinci Code,2006.0,"mystery film, drama film, crime film, treasure hunt film, film based on a novel",48.0,125000000.0,760006945.0
The Darjeeling Limited,2007.0,"comedy film, drama film",67.0,17500000.0,35310019.0
The Dark Knight,2008.0,"action film, drama film, crime thriller, superhero film, neo-noir, crime film, thriller film",94.0,185000000.0,1006234167.0
The Dark Knight Rises,2012.0,"crime thriller, superhero film, thriller film, action film, drama film",87.0,250000000.0,1081169825.0
The Death of Stalin,2018.0,"political satire, satirical film or television program, drama film, black comedy film",80.0,13000000.0,24646055.0
The Departed,2006.0,"drama film, crime thriller",83.0,90000000.0,291480452.0
The Disaster Artist,2017.0,"drama film, comedy drama, biographical film, film based on books",91.0,10000000.0,29820616.0
The Divergent Series: Allegiant,2016.0,"adventure film, action film, science fiction film, film based on a novel, romance film, post-apocalyptic film, dystopian film",11.0,142000000.0,179246868.0
The Fast and the Furious,2001.0,"thriller film, crime film, action film",54.0,38000000.0,207517509.0
The Fast and the Furious: Tokyo Drift,2006.0,"crime thriller, action film",38.0,85000000.0,158964610.0
The Fate of the Furious,2017.0,"crime film, action film",61.0,250000000.0,1236005118.0
The Fifth Element,1997.0,"speculative/fantastic fiction film, comedy film, dystopian film, adventure film, action film, fantasy film, science fiction film",64.0,90000000.0,263900000.0
The Fly,1986.0,"drama film, body horror film, science fiction film, romance film, horror film, monster film, film based on literature, flashback film, mystery film",84.0,9000000.0,60629159.0
The Fortune Cookie,1966.0,comedy film,76.0,3705000.0,6800000.0
The Fugitive,1993.0,"thriller film, crime film, action film, detective film",80.0,44000000.0,368875760.0
The Godfather,1972.0,"gangster film, film based on a novel, drama film, crime film",94.0,6000000.0,250341816.0
The Godfather Part II,1974.0,"flashback film, film based on a novel, drama film, crime film",97.0,13000000.0,47960085.0
The Gold Rush,1925.0,"social comedy film, comedy film, romantic comedy, silent film",100.0,923000.0,4250001.0
The Good Dinosaur,2015.0,"family film, comedy drama, fantasy film, comedy film, buddy film, adventure film",66.0,200000000.0,332207671.0
The Good Dinosaur,2014.0,"family film, comedy drama, fantasy film, comedy film, buddy film, adventure film",66.0,200000000.0,332207671.0
The Goonies,1985.0,"treasure hunt film, action film, adventure film, comedy film, pirate film, children's film, family film",65.0,19000000.0,63980721.0
The Grand Budapest Hotel,2014.0,"romance film, tragicomedy, comedy film, adventure film, drama film, crime film",85.0,25000000.0,173082189.0
The Great Wall,2017.0,"adventure film, drama film, fantasy film, science fiction film, action film",35.0,150000000.0,334933831.0
The Green Knight,2021.0,"medieval film, speculative/fantastic fiction film",89.0,15000000.0,18888418.0
The Grey,2012.0,"film based on literature, adventure film, drama film, action film",69.0,25000000.0,81249176.0
The Hills Have Eyes,1977.0,"rape and revenge film, horror film, slasher film",61.0,700000.0,25000000.0
The Hobbit: An Unexpected Journey,2012.0,"film based on literature, epic film, adventure film, action film, treasure hunt film, fantasy film",64.0,180000000.0,1017003568.0
The Hobbit: The Battle of the Five Armies,2014.0,"fantasy film, film based on literature, adventure film, action film",59.0,250000000.0,956019788.0
The Hobbit: The Desolation of Smaug,2013.0,"high fantasy, film based on literature, adventure film, action film, treasure hunt film, fantasy film",68.0,225000000.0,958366855.0
The Hunger Games: Mockingjay – Part 1,2014.0,"film based on a novel, science fiction film, war film, action film, drama film",63.0,125000000.0,755356711.0
The Hunger Games: Mockingjay – Part 2,2015.0,"science fiction film, war film, action film, drama film, dystopian film, film based on a novel",65.0,160000000.0,653428261.0
The Hunt for Red October,1990.0,"drama film, submarine film, action film, war film, political thriller film, film based on a novel, spy film, thriller film",88.0,30000000.0,200512643.0
The Invention of Lying,2009.0,"romantic comedy, fantasy film",59.0,18500000.0,32406507.0
The Iron Giant,1999.0,"adventure film, drama film, action film, comedy drama, fantasy film, science fiction film, film based on a novel, children's film",82.0,70000000.0,23335817.0
The Jewel of the Nile,1985.0,"romantic comedy, action film, treasure hunt film",46.0,25000000.0,96773200.0
The Last Black Man in San Francisco,2019.0,drama film,83.0,3000000.0,4637830.0
The Last Castle,2001.0,"thriller film, prison film, drama film, action film",56.0,72000000.0,27642707.0
The Legend of Tarzan,2016.0,"action film, adventure film",50.0,180000000.0,356700000.0
The Life Aquatic with Steve Zissou,2004.0,"pirate film, magic realist film, comedy film, drama film",61.0,50000000.0,34809623.0
The Lighthouse,2019.0,"drama film, fantasy film, horror film",90.0,11000000.0,18178770.0
The Living Daylights,1987.0,"action film, spy film, thriller film, film based on literature",65.0,40000000.0,191199996.0
The Longest Day,1962.0,"film based on literature, drama film, historical film, action film, war film",87.0,10000000.0,50000000.0
The Lord of the Rings: The Fellowship of the Ring,2001.0,"adventure film, drama film, action film, fantasy film, film based on a novel",82.0,93000000.0,883726270.0
The Lord of the Rings: The Return of the King,2003.0,"fantasy film, film based on a novel, drama film, action film",87.0,94000000.0,1140682011.0
The Lord of the Rings: The Two Towers,2002.0,"drama film, action film, fantasy film, film based on a novel",85.0,94000000.0,936689735.0
The Lost World: Jurassic Park,1997.0,"science fiction film, film based on a novel, adventure film, action film",56.0,73000000.0,618638999.0
The Man from U.N.C.L.E.,2015.0,"comedy film, action film, buddy film, spy film, heist film",68.0,75000000.0,107045109.0
The Man with the Golden Gun,1974.0,"thriller film, adventure film, action film, film based on a novel, spy film",53.0,7000000.0,97600000.0
The Martian,2015.0,"adventure film, drama film, action film, science fiction film, film based on a novel, survival film",79.0,108000000.0,630161890.0
The Matrix,1999.0,"post-apocalyptic film, dystopian film, film noir, action film, action thriller, science fiction film, cyberpunk, thriller film",88.0,63000000.0,467222728.0
The Matrix Reloaded,2003.0,"action film, science fiction film, martial arts film, thriller film, cyberpunk",68.0,150000000.0,739412035.0
The Maze Runner,2014.0,"thriller film, post-apocalyptic film, dystopian film, mystery film, action film, fantasy film, film based on a novel",59.0,34000000.0,348319861.0
The Meg,2018.0,"science fiction action film, film based on a novel, thriller film, horror film",46.0,130000000.0,530243742.0
The Messenger: The Story of Joan of Arc,1999.0,"drama film, historical film, war film, biographical film, historical drama, medieval film, epic film",45.0,85000000.0,66976317.0
The Mule,2018.0,"drama film, crime film, biographical film",62.0,50000000.0,174804407.0
The New Mutants,2020.0,"horror film, action film, science fiction film",48.0,80000000.0,49169594.0
The Northman,2022.0,"medieval film, thriller film, epic film, historical film",89.0,70000000.0,68605207.0
The Perks of Being a Wallflower,2012.0,"film based on a novel, LGBT-related film, drama film, romance film, teen film, coming-of-age fiction",74.0,13000000.0,33384127.0
The Polar Express,2004.0,"Christmas film, animated film, film based on books, fantasy film, children's film, family film, adventure film",56.0,165000000.0,311365072.0
The Poseidon Adventure,1972.0,"thriller film, disaster film, drama film, action film, film based on a novel",69.0,4700000.0,125000000.0
The Prestige,2006.0,"film based on a novel, thriller film, mystery film, drama film, fantasy film",76.0,40000000.0,109676311.0
The Princess Bride,1987.0,"fantasy film, film based on a novel, swashbuckler film, romantic comedy, pirate film",84.0,16000000.0,30902442.0
The Professional,1994.0,"gangster film, mystery film, drama film, crime thriller, crime film, action film, buddy film",69.0,16000000.0,45284974.0
The Revenant,2015.0,"drama fiction, thriller, drama film, Western, biographical film, film based on a novel, survival film, Western film, thriller film",78.0,135000000.0,532950503.0
The Ring,2002.0,"horror film, thriller film, film based on literature, mystery film, ghost film, psychological horror",66.0,48000000.0,249348933.0
The Road,2009.0,"post-apocalyptic film, drama film, film based on a novel",69.0,25000000.0,27639579.0
The Road to El Dorado,2000.0,"adventure film, musical film, fantasy film, animated film, buddy film",55.0,95000000.0,76432727.0
The Royal Tenenbaums,2001.0,"comedy drama, comedy film",75.0,21000000.0,71444482.0
The Sea Hawk,1940.0,"swashbuckler film, adventure film, pirate film",84.0,1701211.0,2678000.0
The Sea Wolf,1941.0,"drama film, film based on a novel",100.0,1013217.0,1881000.0
The Secret Life of Pets 2,2019.0,comedy film,58.0,80000000.0,264127940.0
The Secret Life of Walter Mitty,2013.0,"drama film, fantasy film, film based on literature, comedy film",52.0,90000000.0,188133322.0
The Shawshank Redemption,1994.0,"drama film, crime film, prison film, buddy film, film based on literature",91.0,25000000.0,28817291.0
The Shining,1980.0,"film based on a novel, supernatural film, horror film, mystery film, drama film, ghost film, psychological horror",85.0,19000000.0,47299460.0
The Silence of the Lambs,1991.0,"LGBT-related film, horror film, thriller film, drama film, crime film, psychological horror, psychological thriller film, film based on a novel",89.0,19000000.0,272742922.0
The Stranger,1946.0,"film noir, crime film",77.0,1034000.0,3216000.0
The Suicide Squad,2021.0,"science fiction film, comedy film, action film, superhero film",90.0,185000000.0,168717425.0
The Terminator,1984.0,"monster film, post-apocalyptic film, dystopian film, time-travel film, drama film, action film, science fiction film, thriller film",88.0,6400000.0,78371200.0
The Texas Chain Saw Massacre,1974.0,"slasher film, horror film, exploitation film",89.0,83532.0,30860378.0
The Thin Red Line,1998.0,"drama film, war film, film based on a novel",73.0,52000000.0,98126565.0
The Thing,1982.0,"science fiction film, horror film, film based on literature, drama film, body horror film, slasher film, monster film",86.0,15000000.0,19632053.0
The Time Machine,1960.0,"dystopian film, time-travel film, science fiction film, film based on literature",76.0,829000.0,2610000.0
The Towering Inferno,1974.0,"action film, film based on a novel, disaster film",66.0,14000000.0,203300000.0
The Town That Dreaded Sundown,1976.0,"crime film, mystery film, horror film, slasher film",48.0,400000.0,5000000.0
The Two Mrs. Carrolls,1947.0,"drama film, crime film, film noir",40.0,1428000.0,3569000.0
The Unbearable Weight of Massive Talent,2022.0,action film,87.0,30000000.0,29116320.0
The Vanishing,2019.0,psychological thriller,85.0,5000000.0,1202522.0
The Verdict,1982.0,"drama film, film based on a novel, trial film",88.0,16000000.0,53993738.0
The Walk,2015.0,"drama film, action film, biographical film",71.0,35000000.0,61181942.0
The Wall,2017.0,war film,60.0,3000000.0,4477141.0
The Warriors,1979.0,"thriller film, hood film, drama film, action film, film based on a novel",74.0,4000000.0,22490471.0
The Way of the Gun,2000.0,"heist film, drama film, action film",46.0,8500000.0,13200972.0
The Wolf of Snow Hollow,2020.0,"werewolf film, detective film, comedy horror film",73.0,2000000.0,266963.0
The Woman King,2022.0,"epic film, drama film, historical film, action film",94.0,50000000.0,97250903.0
The Woman in Black,2012.0,"film based on a novel, horror film, thriller film, drama film, ghost film, psychological horror",61.0,15000000.0,128955898.0
The X-Files,1998.0,"science fiction film, mystery film, drama film, action film",67.0,66000000.0,189176423.0
The Yakuza,1975.0,"drama film, crime film, action film",59.0,5000000.0,1500000.0
There Will Be Blood,2007.0,"drama film, film based on a novel",85.0,25000000.0,76182388.0
This Is the End,2013.0,"buddy film, apocalyptic film, disaster film, comedy film, fantasy film",71.0,32000000.0,126041322.0
Thor,2011.0,"fantasy film, science fiction film, action film, adventure film, superhero film",67.0,150000000.0,449326618.0
Thor : Amour et tonnerre,2022.0,"adventure film, action film, science fiction film, superhero film",63.0,250000000.0,760928081.0
Thor : Amour et tonnerre,2021.0,"adventure film, action film, science fiction film, superhero film",63.0,250000000.0,760928081.0
Thor: Love and Thunder,2022.0,"superhero film, science fiction film, adventure film, action film",63.0,250000000.0,760928081.0
Thor: Love and Thunder,2021.0,"superhero film, science fiction film, adventure film, action film",64.0,250000000.0,760928081.0
Thor: Ragnarok,2017.0,"comedy film, adventure film, action film, fantasy film, science fiction film, superhero film",76.0,180000000.0,853977126.0
Thor: The Dark World,2013.0,"adventure film, action film, science fiction film, fantasy film, superhero film",62.0,170000000.0,644783140.0
Thoroughbred,2018.0,"thriller film, drama film",73.0,5000000.0,3187255.0
Three Thousand Years of Longing,2022.0,"drama film, melodrama, fantasy film, romance film, speculative/fantastic fiction film, epic film",71.0,60000000.0,20282422.0
Thunder Road,2018.0,drama film,77.0,200000.0,458064.0
Thunderball,1965.0,"thriller film, spy film, action film, film based on a novel",85.0,9000000.0,141200000.0
Ticket to Paradise,2022.0,romantic comedy,56.0,60000000.0,168505500.0
Timecop,1994.0,"adventure film, time-travel film, action film, science fiction film, martial arts film, thriller film",45.0,28000000.0,101646581.0
Titanic,1997.0,"romance film, flashback film, disaster film, drama film, melodrama",80.0,200000000.0,1850197130.0
To Catch a Thief,1955.0,"romantic comedy, crime film, mystery film",80.0,2500000.0,8752085.0
Top Gun,1986.0,"romance film, drama film, action film, melodrama",59.0,15000000.0,357288178.0
Top Gun : Maverick,2022.0,"drama film, action film",96.0,152000000.0,1443725344.0
Top Gun: Maverick,2022.0,"drama film, action film",96.0,152000000.0,1443725344.0
Total Recall,1990.0,"science fiction film, cyberpunk, speculative/fantastic fiction film, film based on literature, dystopian film, adventure film, action film, thriller film",74.0,65000000.0,261299840.0
Toy Story,1995.0,"comedy film, adventure film, fantasy film, buddy film",100.0,30000000.0,394436586.0
Transformers 4,2014.0,"comedy film, action film, science fiction film",40.0,210000000.0,1104054072.0
Transformers: Revenge of the Fallen,2009.0,"action film, science fiction film",20.0,200000000.0,836303693.0
Transformers: The Last Knight,2017.0,science fiction action film,15.0,217000000.0,605425157.0
Trois mille ans à t'attendre,2022.0,"fantasy film, romance film, speculative/fantastic fiction film, epic film, drama film, melodrama",71.0,60000000.0,20282422.0
Tropic Thunder,2008.0,"comedy film, action film, parody film",71.0,92000000.0,195702963.0
True Lies,1994.0,"comedy film, thriller film, action film, spy film, romantic comedy",66.0,115000000.0,378882411.0
Tusk,2014.0,"horror film, comedy horror, flashback film",56.0,3000000.0,1882074.0
Twilight's Last Gleaming,1977.0,"film based on a novel, science fiction film, heist film",80.0,6200000.0,4500000.0
Twister,1996.0,"disaster film, drama film, action film",60.0,92000000.0,494580615.0
U-571,2000.0,"action film, war film",63.0,62000000.0,127666415.0
Un talent en or massif,2022.0,action film,87.0,30000000.0,29116320.0
Uncharted,2022.0,"adventure film, action film",52.0,120000000.0,231194293.0
Underwater,2020.0,"adventure film, drama film, action thriller, horror film",53.0,65000000.0,40882928.0
Unforgiven,1992.0,"drama film, crime film, Western film",96.0,14400000.0,159167799.0
Ungkarlslyan,1960.0,"drama film, romantic comedy, Christmas film",88.0,3000000.0,24600000.0
Us,2019.0,"horror film, thriller film, action film, psychological horror, science fiction film",79.0,20000000.0,255185482.0
Van Helsing,2004.0,"horror film, mystery film, action film, adventure film, crossover fiction, swashbuckler film, werewolf film, fantasy film, vampire film, thriller film",43.0,160000000.0,300157638.0
Vertigo,1958.0,"thriller film, flashback film, mystery film, drama film, crime film, detective film",88.0,2479000.0,7797728.0
Village of the Damned,1960.0,"science fiction film, film based on a novel, horror film",76.0,320000.0,2175000.0
Walk Hard: The Dewey Cox Story,2007.0,"parody film, musical film",74.0,35000000.0,20576198.0
Wanda,1971.0,"heist film, drama film",92.0,115000.0,108522.0
Wanted,2008.0,"action film, action thriller, girls with guns",66.0,75000000.0,342463063.0
War Horse,2011.0,"drama film, war film, film based on a novel",75.0,66000000.0,177584879.0
War of the Worlds,2005.0,"disaster film, drama film, action film, alien invasion, film based on a novel, action-adventure film, thriller film, science fiction action film",70.0,132000000.0,603873119.0
Wayne's World,1992.0,"musical film, buddy film, comedy film",66.0,20000000.0,183097323.0
West Side Story,2021.0,"romance film, musical film",91.0,100000000.0,15095067.0
What We Do in the Shadows,2015.0,"horror film, comedy horror, vampire film, comedy film, mockumentary",78.0,1600000.0,7253160.0
When Harry Met Sally,1989.0,"romantic comedy, Christmas film, comedy film",91.0,16000000.0,93273565.0
Where Eagles Dare,1969.0,"war film, action film, adventure film, drama film",65.0,7700000.0,21000000.0
Whiplash,2014.0,"drama film, musical film",94.0,3300000.0,49396747.0
White Heat,1949.0,"prison film, crime film, film noir",84.0,1300000.0,3483000.0
Willow,1988.0,fantasy film,59.0,35000000.0,137600000.0
Windtalkers,2002.0,"drama film, action film, war film",51.0,115000000.0,77628265.0
Witness,1985.0,"thriller film, drama film, crime film",84.0,12000000.0,116100000.0
Wonder Woman,2017.0,"war film, action film, adventure film, drama film, superhero film, fantasy film",77.0,149000000.0,822854286.0
Wonder Woman 1984,2020.0,"adventure film, drama film, action film, superhero film, fantasy film, war film",60.0,200000000.0,169601036.0
You Only Live Twice,1967.0,"ninja film, action film, film based on a novel, spy film, thriller, adventure film",74.0,9500000.0,111600000.0
You've Got Mail,1998.0,"film based on literature, romantic comedy, Christmas film",63.0,65000000.0,250821495.0
Zombieland,2009.0,"horror film, comedy horror, zombie comedy, post-apocalyptic film, zombie film",74.0,23600000.0,102392080.0
Zombieland: Double Tap,2019.0,"zombie film, horror film, zombie comedy, post-apocalyptic film",68.0,42000000.0,87107000.0
x,2022.0,"slasher film, horror film",94.0,1000000.0,14660611.0
スパイダーマン:ホームカミング,2017.0,"action film, superhero film",76.0,175000000.0,880166924.0
喋血街頭,1991.0,"crime film, war film, thriller film, gangster film, action film, drama film",100.0,3500000.0,8545123.0
良種動物,2018.0,"thriller film, drama film",73.0,5000000.0,3187255.0
速度与激情8,2017.0,"crime film, action film",61.0,250000000.0,1236005118.0
친절한 금자씨,2006.0,"rape and revenge film, drama film",76.0,4500000.0,23834149.0
